name,lat,lon
Fort York  Blvd / Capreol Ct,43.639832,-79.395954
Wellesley Station Green P,43.66496415990742,-79.38355031526893
St. George St / Bloor St W,43.667333,-79.399429
Madison Ave / Bloor St W,43.667158,-79.402761
University Ave / Elm St,43.656518,-79.389099
King St W / York St,43.6480008,-79.383177
Bay St / College St (East Side),43.660439,-79.385525
College St / Huron St,43.658148,-79.398167
Wellesley St W / Queen's Park Cres,43.663376,-79.392125
King St E / Jarvis St,43.650325,-79.372287
King St W / Spadina Ave,43.645323,-79.395003
Elizabeth St / Edward St (Bus Terminal),43.656026,-79.385327
Sherbourne St / Carlton St (Allan Gardens),43.663102,-79.373181
King St W / Bay St (West Side),43.64852,-79.380576
Bay St / Queens Quay W (Ferry Terminal),43.640978,-79.376785
Bremner Blvd / Rees St,43.641529,-79.386741
Phoebe St / Spadina Ave,43.650033,-79.396555
Bay St / Albert St,43.653264,-79.382458
Simcoe St / Queen St W,43.65049,-79.3873
College St / Borden St,43.6571,-79.4056
Dundonald St / Church St,43.66663,-79.38148
Ted Rogers Way / Bloor St E,43.671293,-79.380471
Bay St / St. Joseph St,43.665527,-79.387499
Beverley  St / Dundas St W,43.652823,-79.393388
Gould St / Mutual St,43.6582,-79.3768
Bay St / Bloor St W (East Side),43.66943,-79.38915
Bay St / Wellesley St W,43.664088,-79.387095
Jarvis St / Isabella St,43.668991,-79.379385
Augusta Ave / Dundas St W,43.652473,-79.401456
Union Station,43.645609,-79.380386
Church St / Bloor St E,43.671389,-79.382919
Queen St W / Ossington Ave,43.643975,-79.419576
Trinity St /Front St E,43.651318,-79.36023
Bathurst St / Dundas St W,43.6519501,-79.4060978
Dundas St W / Yonge St,43.656094,-79.381484
Simcoe St / Michael Sweet Ave,43.652327224103,-79.3882538196087
Euclid Ave / Bloor St W,43.664467,-79.414783
Edward St / Yonge St,43.656729,-79.382736
Sherbourne St / Wellesley St E,43.6673,-79.374
Queens Quay W / Lower Simcoe St,43.63951,-79.383717
Church St / Alexander St,43.663722,-79.380288
Bond St / Queen St E,43.653236,-79.376716
Niagara St / Richmond St W,43.64534,-79.409597
University Ave / Gerrard St W (East Side),43.657763,-79.389165
Front St W / Yonge St (Hockey Hall of Fame),43.646144,-79.377962
Richmond St E / Jarvis St Green P,43.652634,-79.374222
Wellington St W / Bay St,43.647259,-79.379878
Metro Hall Plaza,43.645859,-79.38783
Navy Wharf Crt / Bremner Blvd,43.640722,-79.391051
Jarvis St / Carlton St,43.66207,-79.37617
Parliament St / Gerrard St,43.662132,-79.3656796
Simcoe St / Wellington St W South,43.6458569,-79.3853654
Huron St / Harbord St,43.6637,-79.400053
Front St W / Blue Jays Way,43.643473,-79.390477
Dalton Rd / Bloor St W,43.6662942,-79.4066433
University Ave / College St (West),43.659226,-79.390213
Queen's Park / Bloor St W,43.668456,-79.393899
51 Parliament St,43.65205,-79.362198
Dundas St E / Parliament St,43.659575,-79.365769
Willcocks St / St. George St,43.662085,-79.397735
Yonge St / Harbour St,43.643795,-79.375413
Blantyre Park,43.68306889999999,-79.279682
Queen St W / Spadina Ave,43.649147,-79.395504
25 York St â€“ Union Station South,43.643667,-79.380414
161 Bleecker St (South of Wellesley),43.666233,-79.373327
Fleet St / Bathurst St,43.636611,-79.400042
Spadina Ave / Fort York Blvd,43.640114,-79.393249
King St E / Church St,43.65003919999999,-79.3733541
Queens Quay W / Dan Leckie Way,43.636533,-79.395854
York St / Queens Quay W,43.640132,-79.380464
College Park South,43.659777,-79.382767
College St / Major St,43.6576,-79.4032
McGill St / Church St,43.660694,-79.379052
Danforth Ave / Barrington Ave,43.688325,-79.300463
High Park - Grenadier Cafe,43.645599,-79.4657123
Danforth Ave / Westlake Ave,43.687323,-79.304848
High Park - West Rd,43.6525077,-79.4654233
Danforth Ave / Aldridge Ave,43.684758,-79.316767
Danforth Ave / Coxwell Ave,43.683378,-79.322961
Church St  / Wood St,43.662712,-79.379903
Danforth Ave / Lamb Ave,43.681991,-79.329455
Donlands Subway Station,43.681114,-79.3373885
Pape Subway Station (Green P),43.680223,-79.344062
Danforth Ave / Gough Ave,43.678401,-79.346289
Chester Subway Station,43.6784834,-79.3513564
Danforth Ave / Ellerbeck St,43.677076,-79.35667
Lower Don River Trail and Taylor Creek Trail,43.7027268,-79.33368089999999
Riverdale Park North (Broadview Ave),43.671172,-79.354704
Cherry St / Mill St,43.6513927,-79.35794659999999
Dundas St E / Regent Park Blvd,43.660207,-79.361275
Lower Sherbourne St / The Esplanade,43.648655,-79.367061
Nelson St / Duncan St,43.648711,-79.389728
Jimmie Simpson Park (Queen St E),43.6605603,-79.3437663
King St E / River St,43.656784782853144,-79.35627385059036
Queen St E / Sackville St,43.6561111,-79.36138888888888
Mill St / Tannery Rd,43.652219,-79.354455
Cherry St / Distillery Ln,43.650279,-79.356832
Front St E / Cherry St,43.652686,-79.358395
Seaton St / Dundas St E - SMART,43.658777,-79.369596
Queen St E / Berkeley St,43.6552778,-79.36583333333333
King St W / Douro St,43.640885,-79.416379
Liberty St / Fraser Ave Green P,43.637981,-79.424146
Carlton St / Parliament St,43.664524,-79.36793
Howard St / Sherbourne St,43.6712581,-79.376367
640 Bloor Street E,43.67468857448634,-79.36701962396272
King St W / Bay St (East Side),43.648575,-79.380042
Sumach St / Carlton St (Riverdale Farm),43.665867,-79.362506
Gerrard St E / River St,43.663993,-79.358534
Jarvis St / Dundas St E,43.657266,-79.374756
Niagara St / Tecumseth St,43.641389,-79.404444
424 Wellington St W,43.643834,-79.396649
Dundas St E / Broadview Ave,43.662365,-79.351104
Yonge St / Yorkville Ave,43.671944,-79.387778
Bay St / Scollard St,43.672152,-79.39018
Yonge St / Aylmer Ave,43.675492,-79.388858
Davenport Rd / Avenue Rd,43.674991,-79.396273
Davenport Rd / Bedford Rd,43.674446,-79.398331
Taddle Creek Park,43.66986,-79.398443
Kendal Ave / Spadina Rd,43.670318,-79.405181
Summerhill Subway Station,43.681944,-79.390556
Hanna Ave / Liberty St,43.63840090000001,-79.4197107
Queen St W / Close Ave,43.640634,-79.435841
Davenport Rd / Bathurst St,43.676667,-79.416111
Davenport Rd / Christie St,43.675278,-79.423889
Glen Edyth Dr / Davenport Rd,43.677778,-79.405556
Macpherson Ave / Spadina Rd,43.675791,-79.40698
Bridgman Ave / Kendal Ave,43.675556,-79.410278
Bridgman Ave / Bathurst St,43.674444,-79.414722
Kendal Ave / Bernard Ave,43.671513,-79.408317
Palmerston Ave / Vermont Ave,43.671389,-79.416389
Christie St / Benson Ave (Wychwood Barns),43.68,-79.42500000000001
King St W / Fraser Ave,43.6394444,-79.42527777777778
King St W / Joe Shuster Way,43.639444,-79.423611
Yarmouth Rd / Christie St,43.67,-79.42083333333333
Dufferin St / Sylvan Av (Dufferin Grove Park),43.6555556,-79.43361111111112
Essex St / Christie St - SMART,43.6686111,-79.42027777777778
Ossington Ave / Bloor St W,43.661705,-79.425734
Bloor St W / Christie St,43.6638889,-79.41888888888889
Bathurst Subway Station,43.6666667,-79.41166666666668
Bathurst St / Lennox St,43.663808,-79.410491
Salem Ave / Bloor St W,43.6608333,-79.43166666666667
Dufferin St / Bloor St W,43.66083333333333,-79.43583333333333
King St W / Stafford St,43.6422222,-79.41111111111111
King St W / Tecumseth St,43.64333333333333,-79.40555555555557
Beverley St / College St,43.6575,-79.39527777777778
Hayter St / Laplante Ave,43.6591666666667,-79.3855555555556
Yonge St / Wood St,43.6622222,-79.3825
Gould St / Yonge St (TMU),43.657424,-79.381019
Queens Quay / Yonge St,43.641646,-79.375308
Front St W / Bay St (North Side),43.646162,-79.378912
Spadina Ave / Willcocks St,43.6616667,-79.40138888888889
Ontario Place Blvd / Lake Shore Blvd W,43.6322445,-79.4108105
Strachan Ave / Princes' Blvd,43.635,-79.4088888888889
Cariboo St / Rail Path,43.66666667,-79.45833333333334
Bloor St W / Dundas St W,43.6563889,-79.45166666666667
HTO Park (Queens Quay W),43.63796,-79.387502
Bathurst St / Fort York Blvd,43.639179,-79.399595
Dundas St W / Edna Ave,43.657192,-79.452559
Lansdowne Subway Station,43.6587734,-79.443054
Lansdowne Ave / Whytock Ave,43.6538888888889,-79.4413888888889
Sterling Rd / Dundas St W,43.6508333333333,-79.4430555555556
St Clarens Ave / College St,43.651238,-79.43868
Ossington Ave / College St,43.6544915,-79.422634
Exhibition GO (Atlantic Ave),43.637695491830144,-79.42023184193503
Augusta Ave / Denison Sq,43.653766,-79.4016759
St. George St / Hoskin Ave,43.6637403,-79.39806449999999
Central Tech  (Harbord St),43.661975,-79.407896
Harbord St / Clinton St,43.660414,-79.415646
Queen St W / Gladstone Ave,43.6430555555556,-79.4275
Mortimer Ave / Coxwell Ave,43.690564,-79.326319
Ulster St / Bathurst St,43.66,-79.4088888888889
Roxton Rd / Harbord St,43.65905,-79.422988
Queen St W / Dovercourt Rd,43.6438602,-79.4227573
Queen St W / Cowan Ave,43.6409,-79.432837
College St / Markham St,43.6563888888889,-79.4091666666667
Queen St W / Bay St (City Hall),43.6517925,-79.38269509999999
Bathurst St/Queens Quay(Billy Bishop Airport),43.635492,-79.398253
College St / Crawford St,43.655,-79.418889
Rusholme Park Cres / College St,43.65277778,-79.42972222
Claremont St / Dundas St W,43.651281,-79.411717
Dundas St W / Crawford St,43.649722,-79.416944
80 Clinton St,43.656296,-79.414663
Ossington Ave / Harrison St,43.651111111111106,-79.4213888888889
Mary McCormick Rec Centre (Sheridan Ave),43.6475,-79.43305555555555
Fort York Blvd / Garrison Rd,43.637381,-79.406112
Wellington St W / Stafford St,43.6409957,-79.40966630000001
Soho St / Queen St W,43.6494896,-79.393535
Lake Shore Blvd W / Ellis Ave,43.635932,-79.465083
High Park Subway Station,43.6543604,-79.4655296
Sunnyside - Gus Ryder Pool,43.637894,-79.454823
Parkside Dr / Bloor St W - SMART,43.654501,-79.460053
Bloor St W / High Park Ave (High Park),43.6535269,-79.4650569
Lake Shore Blvd W / Windermere Ave,43.634896,-79.467763
Lake Shore Blvd W / The Boulevard Club,43.636731,-79.444966
Martin Goodman Trail (Marilyn Bell Park),43.6314,-79.4304
Queen St W / Roncesvalles Ave,43.6372958,-79.4423237
Dundas St W / Roncesvalles Green P - SMART,43.6534268,-79.4512787
Garden Ave / Roncesvalles Ave,43.643769,-79.447915
Wright Ave / Sorauren Ave - SMART,43.646677,-79.442741
Queen St W  /  Fuller Ave - SMART,43.640255,-79.439223
King St W / Cowan Ave - SMART,43.637922,-79.431734
Roncesvalles Ave / Marmaduke St,43.650492,-79.450842
Bay St / College St (West Side) - SMART,43.660087,-79.385655
Thompson St / Broadview Ave - SMART,43.659471,-79.350325
Ward St / Wallace Ave,43.662857,-79.44618
Sorauren Ave / Geoffrey St - SMART,43.649172,-79.4445087
Bloor St W / Manning Ave - SMART,43.663912,-79.416124
Bloor St W / Shaw Ave - SMART,43.662403,-79.423098
Lake Shore Blvd W / Ontario Dr,43.630254,-79.420317
Exhibition GO Station,43.6352007,-79.4187711
Dufferin Gate - SMART,43.633473,-79.425679
Tecumseth St / Queen St W - SMART,43.646552,-79.406468
Yonge St / Bloor St,43.669969,-79.386532
Howard Park Ave / Dundas St W - SMART,43.6521,-79.4486
Baldwin St / Spadina Ave - SMART,43.654905,-79.398448
Dovercourt Rd / Harrison St (Green P) - SMART,43.651145,-79.423742
Ursula Franklin St / St. George St - SMART,43.660296,-79.397107
The Royal Ontario Museum (Bloor St Entrance),43.668500046272165,-79.3946235999697
Robert St / Bloor St W - SMART,43.665846,-79.404998
John St  / Mercer St - SMART,43.6461,-79.3895
Vanauley St / Queen St W - SMART,43.648437,-79.39838
Dundas St W / St. Patrick St,43.6545174,-79.3895315
Queen St E / Rushbrooke Ave,43.6626628,-79.3323698
Lower Spadina Ave / Lake Shore Blvd W,43.638497,-79.39192
Spadina Ave / Adelaide St W,43.6472019,-79.3953394
Queens Quay E / Lower Sherbourne St,43.645215,-79.364898
Wychwood Ave / Benson Ave - SMART,43.6809164,-79.4229684
Walton St / Elizabeth St - SMART,43.657838,-79.38631
Bloor St E / Huntley St - SMART,43.671535,-79.379173
Wallace Ave / Symington Ave - SMART,43.661324,-79.449534
Victoria Park Subway Station - SMART,43.6940155,-79.2889842
Dundas St E / Pembroke St - SMART,43.658295,-79.372346
111 Bond St (North of Dundas St E)  - SMART,43.656927,-79.378497
Toronto Eaton Centre (Yonge St) - SMART,43.655431,-79.380653
Church St / Dundas St E - SMART,43.657024,-79.377257
Yonge St / Alexander St - SMART,43.662862,-79.383572
Yonge St / Dundonald St - SMART,43.665801,-79.384796
Bay St / Charles St W - SMART,43.668153,-79.38891
Queen's Park Cres E / Grosvenor St - SMART,43.661803,-79.389682
Bloor St W / Balmuto St,43.669903,-79.387802
Chorley Park - SMART,43.6856,-79.3718
Mallon Ave / Jones Ave -SMART,43.66587,-79.33443
Rosehill Ave / Avoca Ave - SMART,43.687999,-79.38906
Charles St E / Jarvis St - SMART,43.669604,-79.381171
Charles St W / Balmuto St - SMART,43.668427,-79.38725
Front St W / Bay St (South Side),43.64595,-79.378761
University Ave / King St W - SMART,43.6477785,-79.3847928
Spadina Ave / Harbord St - SMART,43.6629228,-79.4018451
Gerrard St E / Broadview - SMART,43.665656,-79.352055
Queen St E / Pape Ave - SMART,43.661673,-79.337789
Humber Bay Shores Park West,43.6224434,-79.480284
Humber Bay Shores Park East,43.6308933,-79.4722622
190 Queens Quay E,43.6451308,-79.36536439999999
Granby St / Church St - SMART,43.6614605,-79.37894570000002
Westmoreland Ave / Fernbank Ave,43.665327,-79.43235
Havelock St / Dufferin Park,43.657343,-79.43112
Bathurst St / Adelaide St W,43.645324,-79.40345
Mill St / Parliament St,43.650256,-79.36163
Primrose Ave / Davenport Rd,43.67142,-79.445947
Winona Dr / Davenport Rd,43.674923,-79.430465
Queen St E / Woodward Ave,43.665269,-79.319796
Queen St. E / Rhodes Ave.,43.666224,-79.317693
Sherbourne St / Isabella St,43.669576,-79.375961
Amelia St. / Sumach St.,43.66852,-79.363525
Lower Coxwell Ave /  Lake Shore Blvd E,43.662771,-79.315223
Queen St. E / Eastern Ave,43.667208,-79.312315
Queen St E / Hammersmith Ave,43.671349,-79.29451
Queen St. E / Spruce Hill Rd.,43.672571,-79.289
Hubbard Blvd / Balsam Av,43.669328,-79.288949
Hubbard Blvd. / Glen Manor Dr.,43.668633,-79.291162
Lake Shore Blvd E / Knox Ave,43.660206,-79.3244
Front St W / University Ave (1),43.6451635,-79.3831757
Front St W / University Ave (2),43.6452972,-79.3827914
East Liberty St / Western Battery Rd,43.6392777,-79.4115736
457 King St W,43.6452091,-79.3960744
King St W / Charlotte St,43.645572,-79.39399
Davenport Rd / Lansdowne Ave,43.671526,-79.44874
Davenport Rd / Dovercourt Rd - SMART,43.6741219,-79.4352208
Roxborough St W / Yonge St,43.678077,-79.390328
Crawford St / Queen St W,43.645665,-79.415345
Coxwell Ave / Plains Rd,43.69595,-79.328535
200 Bloor St E,43.671561,-79.38117
King St E / Victoria St,43.6495789,-79.3762096
Simcoe St / Wellington St W North,43.6462176,-79.3855048
Bay St / Bloor St W (West Side),43.669244,-79.3894
Queen St E / Alton Av,43.663912,-79.327987
Gerrard Square Mall (1010 Gerrard St E),43.668553,-79.338673
Logan Ave / Bain Ave,43.6720273,-79.3470557
Carlaw Ave / Strathcona Ave,43.6753188,-79.3462789
Blake St / Boultbee Ave,43.672453,-79.338259
Eastern Ave / Winnifred Ave,43.6592088,-79.3348396
Morse St / Eastern Ave,43.657991,-79.340075
Alton Ave / Dundas St E (Greenwood Park),43.66745,-79.329408
Cherry Beach,43.637764,-79.345359
Cherry Beach Sports Field (55 Unwin Ave),43.6408346,-79.3429074
Logan Av / Gerrard St E,43.6672144,-79.3452697
Regal Rd / Dufferin St,43.673939,-79.441159
Pape Ave / Gamble Ave,43.690237,-79.350119
Gamble Ave / Broadview Ave,43.689211,-79.35438
Broadview Ave / Westwood Ave,43.6848652,-79.356602
Pretoria Ave / Broadview Ave,43.6783213,-79.35822
Cosburn Ave / Donlands Ave,43.690537,-79.341307
Fulton Ave / Pape Ave,43.68395,-79.347046
Tommy Thompson Park (Leslie Street Spit),43.65222662225532,-79.32295440954084
Beltline Trail / Chaplin Cres.,43.704461,-79.423122
King St E / Berkeley St,43.651885,-79.3649
Lake Shore Blvd E / Leslie St,43.659195,-79.329196
Rosedale Park (20 Scholfield Ave),43.682645,-79.377557
Concord Ave / Dewson St,43.656945,-79.424911
Hocken Ave / Vaughan Rd,43.6817346,-79.4184725
St Clair Ave W / Bathurst St.,43.683296,-79.418734
Wells Hill Ave / St Clair Ave W,43.683351,-79.41562
Queen St E / Nursewood Rd,43.673831,-79.281455
Kewbeach Ave / Kenilworth Ave,43.666325,-79.3014
Fort York Blvd / Bathurst St SMART,43.639052,-79.399792
Alma Ave / Gladstone Ave SMART,43.6448617,-79.42822
Lisgar St / Dundas St W - SMART,43.6493472,-79.42668
Eglinton Ave W / Henning Ave SMART,43.7063473,-79.40161
George St / King St E,43.6509552,-79.3707
Frederick St / The Esplanade,43.6487245,-79.36839
Front St E / Scott St,43.6476616,-79.37549
Frobisher Ave / Lascelles Blvd,43.696708,-79.40045
Balliol St / Yonge St  SMART,43.6978701,-79.39419
Yonge St / Davisville Ave,43.6975969,-79.39654
Lawton Blvd / Yonge St,43.6910667,-79.39535
Erskine Ave / Yonge St SMART,43.7112153,-79.39894
Yonge St / Orchard View Blvd,43.7083577,-79.39886200000001
12 Harbour St,43.6425636,-79.3762
Cumberland Ave / Bay St SMART,43.6704537,-79.39014
20 Charles St E,43.6691099,-79.38551
D'Arcy St / McCaul St - SMART,43.655227,-79.39201
Mortimer Ave / Carlaw Ave SMART,43.685167,-79.34962
Broadview Subway Station,43.6772,-79.35858
College Park - Gerrard Entrance,43.658938,-79.383518
Yonge St / Dundas Sq,43.655766,-79.3802
Dentonia Park,43.694341,-79.291416
York St / Lake Shore Blvd W,43.641952,-79.380723
Lower Jarvis / Queens Quay E,43.64422,-79.36927
Polson Pier,43.641675,-79.354006
Lascelles Blvd / Eglinton Ave W,43.70547,-79.40355
Roehampton Ave / Mount Pleasant Rd,43.70942,-79.39139
Victoria St / Queen St E,43.652822,-79.378208
University Ave / Armoury St,43.65263,-79.38766
Isabella St / Church St,43.66834,-79.38235
Howard St / Rose Ave,43.671278,-79.372127
Little Norway Park,43.635023,-79.399505
King St W / Crawford St,43.6417852,-79.4131148
Keele St / Annette St,43.66402,-79.46418
Keele St / Vine Ave,43.66686,-79.46526
Spadina Ave / Blue Jays Way,43.641705,-79.393295
King St W / Jordan St,43.648928,-79.378623
College Park - Yonge St Entrance,43.65988,-79.38279
Bloor St W / Huron St,43.667023,-79.401805
Barton Ave / Howland Ave - SMART,43.66842,-79.410585
Tyndall Ave / King St W - SMART,43.638426,-79.429142
Merton St / Mount Pleasant Rd,43.697819,-79.38786
The Queensway at South Kingsway,43.63632,-79.47307
Northern Dancer Blvd / Lake Shore Blvd E,43.663162,-79.309765
Woodbine Ave / Lake Shore Blvd E,43.665645,-79.304711
Woodbine Subway Station,43.686442,-79.313404
Marilyn Bell Park Tennis Court,43.633537,-79.437461
Gerrard St E / Leslie St,43.669813,-79.3335
Frederick St / King St E,43.651118,-79.369411
Dundas St E / Boulton Ave - SMART,43.663148,-79.347938
Via Italia / Mackay Ave,43.676697,-79.445029
Rushton Rd / St Clair Ave W,43.68114,-79.4277
Concord Ave / Bloor St W,43.66189,-79.42679
Gothic Ave / Quebec Ave,43.65389,-79.4675
Martin Goodman Trail / Remembrance Dr,43.63121,-79.41414
Pacific Ave / Glenlake Ave,43.65716,-79.46478
Lonsdale Rd / Spadina Rd,43.688526,-79.412903
Dundas St E / George St,43.6574766,-79.373446
Clendenan Ave / Rowland St - SMART,43.66073,-79.47149
Eastwood Rd / Coxwell Ave,43.673118,-79.318651
Orchard Park,43.66908,-79.3149
Trent Ave / Danforth Ave,43.689293,-79.295895
Goodwood Park Ct / Dentonia Park,43.694826,-79.295208
Cosburn Ave / Cedarvale Ave,43.697139,-79.31469
Carlaw Ave / Danforth Ave,43.678285,-79.347346
Western Battery Rd / Pirandello St,43.640075,-79.414156
Bleecker St / St James Ave,43.669232,-79.374495
Jarvis St / Maitland Pl,43.6647688,-79.3772602
Pottery Rd / Lower Don River Trail,43.688148,-79.362101
E.T. Seton Park (Eglinton Ave E / Leslie St),43.715951,-79.351246
Queen's Park Cres W / Hoskin Ave,43.665221,-79.394009
Church St / Lombard St,43.651678,-79.375233
St Clair Ave W / Winona Dr,43.680466,-79.432522
High Park Outdoor Pool,43.649217,-79.465319
High Park Amphitheatre,43.645653,-79.464366
Richmond St E / Yonge St,43.651838,-79.378743
Russell Hill Rd / St Clair Ave W,43.685569,-79.408019
Glendonwynne Ave / Bloor St W,43.65182,-79.47421
Lower Simcoe St / Bremner Blvd,43.64283,-79.38409
Front St W / Simcoe St,43.6442,-79.38702
Wellington St W / York St,43.646734,-79.38301
Lake Shore Blvd W / Louisa St,43.61868,-79.48674
Adelaide St W / Strachan Ave,43.643253094827294,-79.41230469904167
Clarence Square,43.64407,-79.3929
Jarvis St / Richmond St E,43.652777,-79.372637
Symington Ave / Dupont St,43.665538,-79.451263
Antler St / Campbell Ave - SMART,43.664182,-79.449066
Ellis Ave / The Queensway,43.63855,-79.46693
Jane St / Bloor St W (Jane Subway Station),43.64976,-79.48477
Neil McLellan Park,43.65143,-79.47779
Southwood Dr / Kingston Rd - SMART,43.678685,-79.297974
Briar Hill Ave / Yonge St - SMART,43.713524,-79.400162
Blythwood Rd / Yonge St - SMART,43.716652,-79.399993
Gerrard St E / Main St,43.684261,-79.299332
Eastwood Rd / Woodbine Ave - SMART,43.676216,-79.309395
Summerhill Ave / Maclennan Ave,43.685924,-79.376304
Sumach St  / Queen St E,43.656638,-79.358749
324 Cherry St,43.6482995,-79.3552533
Sackville St / Eastern Ave - SMART,43.653809,-79.3595
Davenport Rd / McAlpine St - SMART,43.673768,-79.391253
Sunnyside Ave / The Queensway - SMART,43.6397,-79.44865
128 Sterling Rd - SMART,43.654004,-79.444792
Humberside Grounds - SMART,43.65917,-79.46997
University Ave / College St (East),43.65995,-79.38964
Gerrard St E / Malvern Ave - SMART,43.685221,-79.294766
Gerrard St E / Victoria Park Ave - SMART,43.686962,-79.286864
Ontario St / Adelaide St E -SMART,43.6535052,-79.3667689
Berkeley St / Adelaide St E - SMART,43.653359,-79.365023
Berkeley St / Dundas St E - SMART,43.658816,-79.367318
Humber Bay Shores Park / Marine Parade Dr,43.626265,-79.476723
Amos Waites Park,43.613606,-79.4883535
Superior Ave / Lake Shore Blvd W,43.6146692,-79.4873148
Ripley Ave / Ormskirk Ave,43.6390437,-79.4760109
Lake Shore Blvd W / Colborne Lodge Dr,43.63771,-79.458173
406 Oakwood Ave,43.68827060022711,-79.43937767081853
St Clarens Ave / Shirley St,43.6486599,-79.4376413
Emerson Ave / Bloor St W,43.659055,-79.440764
Wallace Ave / Pauline Ave,43.6632257,-79.4397052
Lynn Williams St / East Liberty St - SMART,43.638925,-79.4168659
Lisgar Park,43.6423847,-79.4240277
Bartlett Parkette,43.6702236,-79.4360232
Joseph J Piccininni Community Centre,43.675648,-79.4527619
Spadina Rd / Austin Terrace,43.67883,-79.408723
Symington Ave / Davenport Rd,43.6704403,-79.45328549999999
Sherbourne St N / Elm Ave,43.6752732,-79.3778458
541 Huron St - SMART,43.670206,-79.402643
Housey St / Dan Leckie Way,43.63811,-79.397877
Walnut Ave / Queen St W,43.645469,-79.411084
Palmerston Ave / Dundas St W,43.651603,-79.408346
Euclid Ave / Herrick St - SMART,43.661559,-79.413845
Vaughan Rd /Wychwood Ave,43.6882821,-79.4253856
Davisville Ave / Pailton Cres,43.69933,-79.39199
Alvin Ave / St Clair Ave E,43.68871,-79.39264
Bellwoods Ave / Treford Pl - SMART,43.65246,-79.413528
Queen St W / John St,43.650077,-79.391291
Nassau St / Bellevue Ave,43.65484215542248,-79.40351232494366
Baldwin St / Henry St,43.6560758,-79.393259
Ross St / Cecil St - SMART,43.6568254,-79.3966159
Orde St / McCaul St,43.6580442,-79.3927404
St. Joseph St / Bay St - SMART,43.6658804,-79.38761010000002
439 Sherbourne St,43.666051,-79.374161
The Esplanade / Hahn Pl,43.649709,-79.364184
Lake Shore Blvd W / Thirty Ninth Street,43.5927419,-79.54033009999999
Lake Shore Blvd W / Twenty Fourth St,43.597082,-79.522768
Humber College,43.5961692,-79.5160575
Royal York Rd / Mimico Ave,43.612063,-79.496573
Windsor St / Newcastle St,43.6171635,-79.4971065
The Queensway / High St,43.630874,-79.482407
Berry Rd / Bell Manor Dr,43.63732,-79.489083
Swansea Community Centre,43.6438036,-79.4770327
Annette St / Jane St,43.658574,-79.487246
Priscilla  Ave / Dundas St W,43.664665,-79.489385
St Clair Ave W / Castleton Ave,43.668496,-79.485426
Durie St / Dundas St W,43.665523,-79.484892
St Clair Ave W / Gunns Rd,43.672079,-79.470171
Weston Rd / St Clair Ave W - SMART,43.673019,-79.467994
Weston Lions Park,43.698841,-79.519472
Jameson Ave / Queen St W,43.63985,-79.43703
Toronto Inukshuk Park,43.6323994,-79.40978179999999
Carlaw Ave / Dundas St E,43.665076,-79.341509
Highfield Rd / Gerrard St E,43.671771,-79.324961
Cosburn Ave / Durant Ave,43.6935477,-79.3301658
Bayview Ave / Lawren Harris Square,43.6548521,-79.35397680000001
Front St E / Bayview Avenue,43.6535,-79.354068
Oak St / Sumach St,43.6617908,-79.361515
Glebe Rd W / Yonge St,43.7005976,-79.397345
Hillsdale Ave W / Yonge St,43.7029672,-79.3979073
High Park Ave / Dundas St W,43.6653032,-79.4701178
Alameda Ave / Vaughan Rd - SMART,43.690903,-79.4375028
Eglinton Ave W / Scarlett Rd,43.6834703,-79.5108942
The Pond Rd / Sentinel Rd,43.7696262,-79.5025943
Sentinel Rd / Finch Corridor Trail,43.7641485,-79.5012809
Finch West Subway Station,43.76521,-79.491281
Dufferin St / Finch Corridor Trail,43.7724019,-79.4675395
G Ross Lord Park,43.7781116,-79.467963
Torresdale Ave / Antibes Dr,43.77953,-79.45233
Esther Shiner Stadium,43.7774374,-79.4447096
Elwood Blvd / Avenue Rd,43.707049,-79.40966
Roehampton Ave / Bayview Ave,43.711751,-79.378615
Fleming Cres / Bayview Ave,43.707045,-79.375437
Moore Park,43.693256,-79.383238
Langford Ave / Danforth Ave - SMART,43.6800218,-79.3405681
Yonge St / Golfdale Rd,43.732016,-79.403637
Teddington Park Ave,43.732975,-79.40401
Richmond St W / York St,43.650745,-79.383633
Ursula Franklin St / Huron St - SMART,43.660274,-79.398049
Brick Works,43.683884,-79.36647
Woodbine Ave / O'Connor Dr,43.699281,-79.318802
St Columba Pl / St Clair Ave E,43.70567,-79.310554
Lumsden Ave / Eastdale Ave,43.69413548199171,-79.30058718775287
Dawes Rd / Taylor Creek Trl,43.696631,-79.297436
Fairmount Park,43.6765897,-79.3163022
Wilket Creek Park,43.720645,-79.355474
Sunnybrook Park,43.720233,-79.362092
Kingston Rd / Beech Ave,43.680095,-79.291714
Victoria Park Ave / Danforth Ave,43.691468,-79.288619
Livingston Rd / Guildwood Pkwy,43.747854,-79.199327
Livingston Rd (Highland Creek Trail),43.7561681,-79.2026694
Morningside Park (Highland Creek Trail),43.779353,-79.193023
Colonel Danforth Park,43.7777114,-79.1659711
Waterfront Trail (Rouge Hill),43.778015,-79.131911
Starspray Ave / Lawrence Ave E,43.788319,-79.123505
Vaughan Rd / Oakwood Ave,43.6926825,-79.441042
Braemar Ave / Eglinton Ave W,43.7041957,-79.4094472
Eglinton Ave E / Redpath Ave,43.7078691,-79.39248
Marie Curtis Park,43.5880774,-79.5432067
Royal York Rd / Lake Shore Blvd W,43.6029904,-79.4926867
Guildwood GO Station (South),43.754978,-79.1971289
Yonge St / Lawrence Ave E,43.7254665,-79.40115449999999
Rouge Hill GO Station,43.7805505,-79.1301203
Shaw St / Essex St - SMART,43.667076,-79.425116
Lundy Ave / Etienne Brule Park,43.6625395,-79.5030161
Twelfth St / Thirteenth St,43.6002896,-79.5108692
Florence Gell Park,43.6615467,-79.498398
Chiltern Hill Rd / Eglinton Ave W,43.7004017,-79.4275305
Noble St / Queen St W,43.6424558,-79.4296346
University Ave / Gerrard St W (WEST) - SMART,43.6578449,-79.3899265
Runnymede Rd / Annette St,43.6596299,-79.4799176
Bloor St W / Riverside Dr,43.647663,-79.487583
Judson St / Royal York Rd,43.6162721,-79.4990363
135 Queens Wharf Rd - SMART,43.6399714,-79.39940399999999
Spadina Rd / St.Clair Ave West,43.683979,-79.410657
Annette St / Dundas St W,43.6641174,-79.4588522
Yonge St / St Clair Ave,43.68850459999999,-79.3940052
Oriole Pkwy / Kilbarry Rd,43.6954486,-79.4026176
East Lynn Ave / Danforth Ave,43.6850809,-79.3149901
University of Toronto Scarborough,43.7842419,-79.1849889
University Ave / Richmond St W,43.6503935,-79.3860211
Elm St/ University Ave (East Side),43.65637299999999,-79.38781039999999
909 Yonge St,43.67515255542865,-79.38849615969643
St Clair West Subway Station - Heath Entrance,43.686352,-79.415894
Bloor St W / Pacific Ave,43.65412449999999,-79.4636388
Danforth Ave / Dewhurst Blvd,43.680207,-79.339243
Bloor St W / Brock Ave,43.6589882,-79.438715
1 Market St - SMART,43.6469928,-79.3706665
King's Mill Park,43.64920406876699,-79.49336334201408
Amroth Ave / Danforth Ave,43.6856128,-79.31168269999999
285 Victoria St,43.656633,-79.379625
Beaty Ave / Queen St W,43.6393107,-79.4408141
Kilgour Rd / Rumsey Rd,43.718039,-79.371914
Sunnybrook Health Centre - L Wing,43.72268,-79.37644
Sunnybrook Health Centre - S Wing,43.720998,-79.377456
Dundas St W / St Helen's Ave - SMART,43.6504218,-79.4407647
Spadina Ave / Sussex Ave - SMART,43.66402799999999,-79.40297869999999
Simcoe St / Dundas St W - SMART,43.655103,-79.389295
Yonge St / Woburn Ave - SMART,43.72814640000001,-79.4032194
Yonge St / Montgomery Ave - SMART,43.7093201,-79.3996301
1525 Dundas St W,43.64957,-79.432446
York University (Glendon Campus) - SMART,43.727365488246306,-79.3814254607724
1303 Yonge St - SMART,43.6846177,-79.39245919999999
York University Station (South) - SMART,43.77345,-79.5002
York University Station (North),43.7741,-79.5005
Princes' Blvd / Nunavut Rd,43.6334636,-79.4143057
25 Booth Ave,43.6544839,-79.34105699999999
Bathurst St / Front St W,43.64134790000001,-79.4013882
Bay St / Harbour St (East),43.64215,-79.377
King St W / Brant St,43.645102,-79.39744979999999
Lower Jarvis / The Esplanade,43.6478206,-79.3704721
Bloor St W / Gladstone Ave - SMART,43.6602021,-79.4342726
High Park Blvd / Parkside Dr,43.644887,-79.45641169999999
20 Eaton Ave,43.680012,-79.34403250000001
Christie St / Dupont St,43.67168,-79.421192
85 Lee Ave,43.6700692,-79.2971326
Mutual St / Shuter St (Arena Gardens),43.6559476,-79.37558829999999
Victoria Park Ave / Dawes Rd,43.706466,-79.29511
Queen St E / Joseph Duggan Rd,43.6677628,-79.30811709999999
Heyworth Cres / Kingston Rd,43.6750806,-79.3068697
St Clair Ave W / Caledonia Rd,43.6754247,-79.4547813
St Clair Ave W / Oakwood Ave,43.678177,-79.435364
St Clair Ave W / Robina Ave,43.68005,-79.43469
Roncesvalles Ave / Fermanagh Ave,43.646314469245205,-79.44879407014527
111 Broadview Ave,43.6593483,-79.34993659999999
Oak St / Sackville St,43.6613642,-79.3641171
24 Mountjoy Ave,43.6808774,-79.3304491
Colgate Ave / Carlaw Ave,43.6623658,-79.3413344
Felstead Ave/Gillard Ave (Monarch Park),43.6791345,-79.3263159
Coronation Park (Martin Goodman Trail),43.635495,-79.40352209999999
101 Cedarvale Ave,43.6868681,-79.3110942
Beltline Trail / Yonge St,43.6962302,-79.39504339999999
11 Spadina Rd,43.6677246,-79.4041365
Havelock St / Dewson St,43.6554793,-79.4302462
Queen St W / Shaw St,43.6442457,-79.41610440000001
Temperance St / Bay St,43.6506,-79.381285
Lumsden Ave / Cedarvale Ave,43.693187,-79.314283
Church St / The Esplanade,43.6469251,-79.3733192
Niagara St / Portland St,43.6425791,-79.40011729999999
St. Andrew's Playground Park,43.646552,-79.399586
Wolseley St / Augusta Ave,43.6484201,-79.40051919999999
King St W / Portland St,43.644395,-79.40065430000001
Widmer St / King St W,43.6463574,-79.391206
Wellesley St E / Parliament St,43.6682342,-79.3702641
Yonge St / Macpherson Ave,43.6791876,-79.39071899999999
Randolph Ave / Perth Ave,43.6585504,-79.4497659
265 Armadale Ave,43.6501644,-79.48296909999999
800 Fleet St,43.636804,-79.408832
Victoria Park Ave / Kingston Rd,43.68035,-79.28357
Kingston Rd / Warden Ave,43.68824135931814,-79.27046628033244
Pharmacy Ave / Danforth Ave,43.6929478,-79.28339980000001
Danforth Ave / Warden Ave,43.6950192,-79.27180659999999
Birchcliff Ave / Kingston Rd,43.691688,-79.265027
Birchmount Rd / Kingston Rd,43.69401297794256,-79.26257204548136
Kingston Rd / Glen Everest Rd,43.697490048103,-79.25655146462776
Highview Ave / Kennedy Rd,43.702418581463505,-79.2563167072858
Kingston Rd / Ridgemoor Ave,43.70643614257429,-79.25104443353288
Sharpe St / Park St (Sandown Park),43.7105975,-79.2541175
Howard Park Ave / Parkside Dr,43.648657,-79.458111
Eglinton Ave W / Prospect Cemetery,43.69415,-79.45782580000001
Eglinton Ave W / Gilbert Ave,43.69263249999999,-79.4627536
Rogers Rd / Prospect Cemetery,43.68323,-79.455765
Bert Robinson Park,43.688028,-79.460265
Marlee Ave / York Beltline Trail,43.70163,-79.44099
Eglinton Ave W / Ennerdale Rd,43.69466,-79.45376999999999
Bloor St W / Old Mill Trl,43.65016869999999,-79.4963345
Wendover Rd / Bloor St W (Green P),43.6492,-79.50601999999999
Luttrell Ave / Danforth Ave,43.6897656,-79.2939525
Willingdon Blvd / Bloor St W (Green P),43.64817,-79.510392
1926 Lake Shore Blvd W,43.6357643,-79.4674917
36 Park Lawn Rd,43.62369169999999,-79.4838132
Walter Saunders Park,43.699327072589426,-79.4493630391668
Park Lawn Rd / Berry Rd,43.63560589999999,-79.4934616
Tobermory Dr / Finch Corridor Trail,43.7611741,-79.5114452
The Well,43.643025055165865,-79.39430137761319
Driftwood Ave / Finch Corridor Trail,43.7603624,-79.5162777
The Pond Rd / Shoreham Dr,43.772445,-79.511912
Grand Avenue Park,43.62313,-79.4918
Moss Park,43.655972,-79.370638
College St / Henry St ,43.6591529,-79.3947953
St. John's Rd / Dundas St W,43.66526761605873,-79.47502122887077
Albany Ave / Bloor St W,43.66554144421798,-79.41010317605742
Pioneer Village Subway Station,43.77649016265579,-79.5085364909097
Armoury St / Chestnut St,43.65351799690878,-79.38591063795928
Lake Shore Blvd W / Brow Dr,43.59119994025076,-79.54449133041076
Spadina Ave / Sullivan St,43.65082785552666,-79.39698099821702
St. Clair Ave W / Osler St,43.673843560032594,-79.46092618902435
Simcoe St / King St W,43.647508351306186,-79.38604436555764
Grenoble Dr / Gateway Blvd,43.71513211098082,-79.33413623320465
Grenoble Dr / Deauville Ln,43.71649675774656,-79.33089439933623
Grenoble Dr / Vendome Pl,43.715537998967406,-79.32811427663442
Ferrand Dr / Rochefort Dr,43.719632535237835,-79.33199950866776
Thorncliffe Park Dr / Leaside Park Trail,43.70400405297843,-79.34807015078738
75 Thorncliffe Park Dr,43.70518328279426,-79.34224729962946
165 McRae Dr,43.70656159598004,-79.36781965092621
Mt Pleasant Rd / Davisville Ave - SMART,43.70088225686968,-79.38736016665911
St Clair Ave W / Avenue Rd ,43.68688938028234,-79.40099513147447
Downsview Park Subway Station - SMART,43.753107,-79.479626
60 Carl Hall Rd - SMART,43.7482972,-79.47570569999999
Downsview Park Blvd / Keele St  - SMART,43.73673829262113,-79.48227195568086
Keele St / Dovehouse Ave - SMART,43.7494501,-79.4869662
HTO Park West,43.63737145931921,-79.38976958703309
Queens Quay E / Lower Jarvis St ,43.64392767366328,-79.3687301736982
Lynn Williams St / Pirandello St ,43.639124514797004,-79.41423166721611
Ossington Ave / Bruce St,43.64570236705167,-79.41933192053696
Riverdale Park South (Broadview Ave),43.66793737272024,-79.35337335118456
York St / Harbour St (Love Park),43.640741,-79.3798521
519 Church St  - SMART,43.666850777484896,-79.38114574756837
Dundas St E / River St,43.661152,-79.358505
